{
    "model": "XGBRegressor",
    "rmsle": 0.19235241397206762,
    "mae": 1404.3558228765023,
    "r2": 0.8633311369801586
}